Attempts;time
8;30.648263616999998
180;0.09534648649722223
180;0.033314044083333307
