Attempts;time
1668;0.358902229
31692;6.561674804
7857;2.114771353
2898;0.651722028
252;0.059124905
39330;9.093585955
