Attempts;time
8;30.648263616999998
180;0.09534648649722223
180;0.033314044083333307
4;0.007707310027778173
171;2.7504166670648073e-06
171;2.414111111445689e-06
171;3.6519722218347144e-06
171;3.5555277776842963e-06
171;1.4764999994238475e-06
2;0.0006455689444444741
